{
  "credit": "Made with Blockbench",
  "parent": "boncolerstaf",
  "texture_size": [
    32,
    32
  ],
  "elements": [
    {
      "from": [
        7,
        -6,
        7
      ],
      "to": [
        9,
        20,
        9
      ],
      "faces": {
        "north": {
          "uv": [
            0,
            0,
            0.5,
            13
          ],
          "texture": "#0"
        },
        "east": {
          "uv": [
            0,
            0,
            0.5,
            13
          ],
          "texture": "#0"
        },
        "south": {
          "uv": [
            0,
            0,
            0.5,
            13
          ],
          "texture": "#0"
        },
        "west": {
          "uv": [
            0,
            0,
            0.5,
            13
          ],
          "texture": "#0"
        },
        "up": {
          "uv": [
            0.5,
            12,
            1.5,
            13
          ],
          "texture": "#0"
        },
        "down": {
          "uv": [
            0.5,
            12,
            1.5,
            13
          ],
          "texture": "#0"
        }
      }
    },
    {
      "from": [
        4,
        24,
        4
      ],
      "to": [
        12,
        30,
        12
      ],
      "rotation": {
        "angle": 0,
        "axis": "y",
        "origin": [
          8,
          21,
          8
        ]
      },
      "faces": {
        "north": {
          "uv": [
            11,
            10.5,
            15,
            13.5
          ],
          "texture": "#0"
        },
        "east": {
          "uv": [
            4,
            1.5,
            7.5,
            4.5
          ],
          "texture": "#0"
        },
        "south": {
          "uv": [
            2,
            11,
            6,
            14
          ],
          "texture": "#0"
        },
        "west": {
          "uv": [
            7.5,
            1.5,
            3.5,
            4.5
          ],
          "texture": "#0"
        },
        "up": {
          "uv": [
            1,
            4.5,
            4.5,
            8.5
          ],
          "rotation": 270,
          "texture": "#0"
        },
        "down": {
          "uv": [
            7,
            10.5,
            11,
            15
          ],
          "rotation": 90,
          "texture": "#0"
        }
      }
    },
    {
      "from": [
        6,
        23,
        4
      ],
      "to": [
        10,
        24,
        5
      ],
      "rotation": {
        "angle": 0,
        "axis": "y",
        "origin": [
          0.5,
          0,
          0.5
        ]
      },
      "faces": {
        "north": {
          "uv": [
            12,
            8,
            14,
            8.5
          ],
          "texture": "#0"
        },
        "east": {
          "uv": [
            12,
            8,
            12.5,
            8.5
          ],
          "texture": "#0"
        },
        "south": {
          "uv": [
            12,
            8,
            14,
            8.5
          ],
          "texture": "#0"
        },
        "west": {
          "uv": [
            12,
            8,
            12.5,
            8.5
          ],
          "texture": "#0"
        },
        "up": {
          "uv": [
            12,
            8,
            14,
            8.5
          ],
          "rotation": 270,
          "texture": "#0"
        },
        "down": {
          "uv": [
            12,
            8,
            14,
            8.5
          ],
          "rotation": 180,
          "texture": "#0"
        }
      }
    },
    {
      "from": [
        6,
        20,
        4
      ],
      "to": [
        10,
        21,
        5
      ],
      "rotation": {
        "angle": 0,
        "axis": "y",
        "origin": [
          0.5,
          0,
          0.5
        ]
      },
      "faces": {
        "north": {
          "uv": [
            12,
            8,
            14,
            8.5
          ],
          "texture": "#0"
        },
        "east": {
          "uv": [
            12,
            8,
            12.5,
            8.5
          ],
          "texture": "#0"
        },
        "south": {
          "uv": [
            12,
            8,
            14,
            8.5
          ],
          "texture": "#0"
        },
        "west": {
          "uv": [
            12,
            8,
            12.5,
            8.5
          ],
          "texture": "#0"
        },
        "up": {
          "uv": [
            12,
            8,
            14,
            8.5
          ],
          "rotation": 270,
          "texture": "#0"
        },
        "down": {
          "uv": [
            12,
            8,
            14,
            8.5
          ],
          "rotation": 180,
          "texture": "#0"
        }
      }
    },
    {
      "from": [
        5,
        20,
        5
      ],
      "to": [
        11,
        26,
        11
      ],
      "rotation": {
        "angle": 0,
        "axis": "y",
        "origin": [
          1,
          0,
          0
        ]
      },
      "faces": {
        "north": {
          "uv": [
            8.5,
            7,
            11.5,
            10
          ],
          "texture": "#0"
        },
        "east": {
          "uv": [
            8.5,
            7,
            11.5,
            10
          ],
          "texture": "#0"
        },
        "south": {
          "uv": [
            8.5,
            7,
            11.5,
            10
          ],
          "texture": "#0"
        },
        "west": {
          "uv": [
            8.5,
            7,
            11.5,
            10
          ],
          "texture": "#0"
        },
        "up": {
          "uv": [
            8.5,
            7,
            11.5,
            10
          ],
          "texture": "#0"
        },
        "down": {
          "uv": [
            8.5,
            4,
            11.5,
            7
          ],
          "texture": "#0"
        }
      }
    }
  ],
  "display": {
    "thirdperson_righthand": {
      "rotation": [
        1.5,
        0,
        0
      ],
      "translation": [
        0,
        0.75,
        1.75
      ],
      "scale": [
        0.76367,
        0.76367,
        0.76367
      ]
    },
    "thirdperson_lefthand": {
      "rotation": [
        1.5,
        0,
        0
      ],
      "translation": [
        0,
        0.75,
        1.75
      ],
      "scale": [
        0.76367,
        0.76367,
        0.76367
      ]
    },
    "firstperson_righthand": {
      "rotation": [
        173.81,
        75.83,
        -166.27
      ],
      "translation": [
        9.25,
        -4.75,
        -6.25
      ],
      "scale": [
        0.76367,
        0.88672,
        0.88672
      ]
    },
    "firstperson_lefthand": {
      "rotation": [
        173.81,
        75.83,
        -166.27
      ],
      "translation": [
        9.25,
        -4.75,
        -6.25
      ],
      "scale": [
        0.76367,
        0.88672,
        0.88672
      ]
    },
    "ground": {
      "rotation": [
        45,
        35,
        0
      ],
      "translation": [
        0,
        3,
        -1.5
      ],
      "scale": [
        0.41406,
        0.41406,
        0.41406
      ]
    },
    "gui": {
      "rotation": [
        -45,
        154,
        45
      ],
      "translation": [
        -2,
        -2,
        0
      ],
      "scale": [
        0.43164,
        0.45703,
        0.43164
      ]
    },
    "head": {
      "rotation": [
        -2,
        0,
        0
      ],
      "translation": [
        0,
        -5.25,
        0
      ],
      "scale": [
        2.10156,
        0.90625,
        1
      ]
    },
    "fixed": {
      "rotation": [
        180,
        -180,
        -138
      ],
      "translation": [
        1.75,
        -2,
        -0.5
      ],
      "scale": [
        0.55273,
        0.55273,
        0.55273
      ]
    }
  },
  "groups": [
    {
      "name": "group",
      "origin": [
        0.5,
        0,
        0.5
      ],
      "color": 0,
      "children": [
        0,
        1,
        2,
        3,
        4
      ]
    }
  ]
}