{
  "credit": "Made with Blockbench",
  "parent": "molotoc",
  "texture_size": [
    32,
    32
  ],
  "elements": [
    {
      "from": [
        7,
        1,
        7
      ],
      "to": [
        9,
        16,
        9
      ],
      "faces": {
        "north": {
          "uv": [
            0,
            8.5,
            1,
            16
          ],
          "texture": "#0"
        },
        "east": {
          "uv": [
            0,
            8.5,
            1,
            16
          ],
          "texture": "#0"
        },
        "south": {
          "uv": [
            0,
            8.5,
            1,
            16
          ],
          "texture": "#0"
        },
        "west": {
          "uv": [
            0,
            8.5,
            1,
            16
          ],
          "texture": "#0"
        },
        "up": {
          "uv": [
            0,
            7,
            1,
            8
          ],
          "texture": "#0"
        },
        "down": {
          "uv": [
            0,
            8,
            1,
            16
          ],
          "texture": "#0"
        }
      }
    },
    {
      "from": [
        6,
        16,
        6
      ],
      "to": [
        10,
        20,
        10
      ],
      "faces": {
        "north": {
          "uv": [
            1.5,
            10,
            3.5,
            12
          ],
          "texture": "#0"
        },
        "east": {
          "uv": [
            3.5,
            14,
            1.5,
            16
          ],
          "texture": "#0"
        },
        "south": {
          "uv": [
            1.5,
            8,
            3.5,
            10
          ],
          "texture": "#0"
        },
        "west": {
          "uv": [
            1.5,
            14,
            3.5,
            16
          ],
          "texture": "#0"
        },
        "up": {
          "uv": [
            1.5,
            12,
            3.5,
            14
          ],
          "texture": "#0"
        },
        "down": {
          "uv": [
            1.5,
            8,
            3.5,
            6
          ],
          "texture": "#0"
        }
      }
    },
    {
      "from": [
        5,
        14,
        0
      ],
      "to": [
        11,
        22,
        6
      ],
      "faces": {
        "north": {
          "uv": [
            8,
            12,
            11,
            16
          ],
          "texture": "#0"
        },
        "east": {
          "uv": [
            8,
            12,
            5,
            16
          ],
          "texture": "#0"
        },
        "south": {
          "uv": [
            5,
            8,
            8,
            12
          ],
          "texture": "#0"
        },
        "west": {
          "uv": [
            5,
            12,
            8,
            16
          ],
          "texture": "#0"
        },
        "up": {
          "uv": [
            5,
            5,
            8,
            8
          ],
          "texture": "#0"
        },
        "down": {
          "uv": [
            5,
            8,
            8,
            5
          ],
          "texture": "#0"
        }
      }
    },
    {
      "from": [
        5,
        15,
        10
      ],
      "to": [
        11,
        21,
        15
      ],
      "faces": {
        "north": {
          "uv": [
            12,
            1,
            15,
            4
          ],
          "texture": "#0"
        },
        "east": {
          "uv": [
            6,
            1,
            3.5,
            4
          ],
          "texture": "#0"
        },
        "south": {
          "uv": [
            9,
            1,
            12,
            4
          ],
          "texture": "#0"
        },
        "west": {
          "uv": [
            3.5,
            1,
            6,
            4
          ],
          "texture": "#0"
        },
        "up": {
          "uv": [
            6,
            1,
            9,
            3.5
          ],
          "texture": "#0"
        },
        "down": {
          "uv": [
            9,
            3.5,
            6,
            1
          ],
          "texture": "#0"
        }
      }
    },
    {
      "from": [
        6.5,
        6,
        6.5
      ],
      "to": [
        9.5,
        7,
        9.5
      ],
      "rotation": {
        "angle": 0,
        "axis": "y",
        "origin": [
          0.5,
          0,
          0.5
        ]
      },
      "faces": {
        "north": {
          "uv": [
            0,
            0,
            1.5,
            0.5
          ],
          "texture": "#0"
        },
        "east": {
          "uv": [
            0,
            0,
            1.5,
            0.5
          ],
          "texture": "#0"
        },
        "south": {
          "uv": [
            0,
            0,
            1.5,
            0.5
          ],
          "texture": "#0"
        },
        "west": {
          "uv": [
            0,
            0,
            1.5,
            0.5
          ],
          "texture": "#0"
        },
        "up": {
          "uv": [
            0,
            1.5,
            1.5,
            3
          ],
          "texture": "#0"
        },
        "down": {
          "uv": [
            0,
            1.5,
            1.5,
            3
          ],
          "texture": "#0"
        }
      }
    },
    {
      "from": [
        6.5,
        0,
        6.5
      ],
      "to": [
        9.5,
        1,
        9.5
      ],
      "rotation": {
        "angle": 0,
        "axis": "y",
        "origin": [
          0.5,
          0,
          0.5
        ]
      },
      "faces": {
        "north": {
          "uv": [
            0,
            0,
            1.5,
            0.5
          ],
          "texture": "#0"
        },
        "east": {
          "uv": [
            0,
            0,
            1.5,
            0.5
          ],
          "texture": "#0"
        },
        "south": {
          "uv": [
            0,
            0,
            1.5,
            0.5
          ],
          "texture": "#0"
        },
        "west": {
          "uv": [
            0,
            0,
            1.5,
            0.5
          ],
          "texture": "#0"
        },
        "up": {
          "uv": [
            0,
            1.5,
            1.5,
            3
          ],
          "texture": "#0"
        },
        "down": {
          "uv": [
            0,
            1.5,
            1.5,
            3
          ],
          "texture": "#0"
        }
      }
    }
  ],
  "display": {
    "thirdperson_righthand": {
      "rotation": [
        0.75,
        0,
        0
      ],
      "translation": [
        0,
        2.5,
        2.5
      ],
      "scale": [
        0.99609,
        0.99609,
        0.99609
      ]
    },
    "thirdperson_lefthand": {
      "rotation": [
        0.75,
        0,
        0
      ],
      "translation": [
        0,
        2.5,
        2.5
      ],
      "scale": [
        0.99609,
        0.99609,
        0.99609
      ]
    },
    "firstperson_righthand": {
      "rotation": [
        9.13,
        1.76,
        -2.79
      ],
      "translation": [
        0.25,
        1.25,
        1.25
      ],
      "scale": [
        0.59375,
        0.54883,
        0.45117
      ]
    },
    "firstperson_lefthand": {
      "rotation": [
        9.13,
        1.76,
        -2.79
      ],
      "translation": [
        0.25,
        1.25,
        1.25
      ],
      "scale": [
        0.59375,
        0.54883,
        0.45117
      ]
    },
    "ground": {
      "rotation": [
        -45,
        0,
        0
      ],
      "translation": [
        0,
        4.25,
        0
      ],
      "scale": [
        0.51367,
        0.51367,
        0.51367
      ]
    },
    "gui": {
      "rotation": [
        22.75,
        47.27,
        -64.87
      ],
      "translation": [
        -2.75,
        -2.5,
        0
      ],
      "scale": [
        0.72461,
        0.72461,
        0.72461
      ]
    },
    "head": {
      "rotation": [
        51,
        0,
        0
      ],
      "translation": [
        -0.25,
        3.5,
        -11.25
      ]
    },
    "fixed": {
      "rotation": [
        90,
        -41.75,
        90
      ],
      "translation": [
        2.75,
        -3.75,
        0
      ],
      "scale": [
        0.84766,
        0.84766,
        0.84766
      ]
    }
  },
  "groups": [
    {
      "name": "group",
      "origin": [
        8,
        8,
        8
      ],
      "color": 0,
      "children": [
        0,
        1,
        2,
        3,
        4,
        5
      ]
    }
  ]
}