{
  "credit": "Made with Blockbench",
  "parent": "pumpkinstaff",
  "texture_size": [
    32,
    32
  ],
  "elements": [
    {
      "from": [
        7,
        -10,
        7
      ],
      "to": [
        9,
        17,
        9
      ],
      "rotation": {
        "angle": 0,
        "axis": "y",
        "origin": [
          7,
          0,
          7
        ]
      },
      "faces": {
        "north": {
          "uv": [
            0,
            0,
            0.5,
            13.5
          ],
          "texture": "#1"
        },
        "east": {
          "uv": [
            0,
            0,
            0.5,
            13.5
          ],
          "texture": "#1"
        },
        "south": {
          "uv": [
            0,
            0,
            0.5,
            13.5
          ],
          "texture": "#1"
        },
        "west": {
          "uv": [
            0,
            0,
            0.5,
            13.5
          ],
          "texture": "#1"
        },
        "up": {
          "uv": [
            0,
            0,
            0.5,
            0.5
          ],
          "texture": "#1"
        },
        "down": {
          "uv": [
            0,
            13,
            0.5,
            13.5
          ],
          "texture": "#1"
        }
      }
    },
    {
      "from": [
        6,
        17,
        6
      ],
      "to": [
        10,
        18,
        10
      ],
      "rotation": {
        "angle": 0,
        "axis": "y",
        "origin": [
          7,
          0,
          7
        ]
      },
      "faces": {
        "north": {
          "uv": [
            3,
            1,
            5,
            1.5
          ],
          "texture": "#1"
        },
        "east": {
          "uv": [
            3,
            1,
            5,
            1.5
          ],
          "texture": "#1"
        },
        "south": {
          "uv": [
            3,
            1,
            5,
            1.5
          ],
          "texture": "#1"
        },
        "west": {
          "uv": [
            3,
            1,
            5,
            1.5
          ],
          "texture": "#1"
        },
        "up": {
          "uv": [
            3,
            1,
            5,
            1.5
          ],
          "texture": "#1"
        },
        "down": {
          "uv": [
            3,
            3.5,
            5,
            5.5
          ],
          "texture": "#1"
        }
      }
    },
    {
      "from": [
        4.5,
        18,
        4.5
      ],
      "to": [
        11.5,
        24,
        11.5
      ],
      "rotation": {
        "angle": 0,
        "axis": "y",
        "origin": [
          6.5,
          0,
          7.5
        ]
      },
      "faces": {
        "north": {
          "uv": [
            10.5,
            1.5,
            14,
            4.5
          ],
          "texture": "#1"
        },
        "east": {
          "uv": [
            10.5,
            1.5,
            14,
            4.5
          ],
          "texture": "#1"
        },
        "south": {
          "uv": [
            10.5,
            1.5,
            14,
            4.5
          ],
          "texture": "#1"
        },
        "west": {
          "uv": [
            10.5,
            1.5,
            14,
            4.5
          ],
          "texture": "#1"
        },
        "up": {
          "uv": [
            10.5,
            5,
            14,
            8.5
          ],
          "texture": "#1"
        },
        "down": {
          "uv": [
            10.5,
            5,
            14,
            8.5
          ],
          "texture": "#1"
        }
      }
    },
    {
      "from": [
        7,
        24,
        7
      ],
      "to": [
        9,
        25,
        9
      ],
      "rotation": {
        "angle": 0,
        "axis": "y",
        "origin": [
          7,
          0,
          9
        ]
      },
      "faces": {
        "north": {
          "uv": [
            3,
            6.5,
            4,
            7
          ],
          "texture": "#1"
        },
        "east": {
          "uv": [
            4,
            6.5,
            3,
            7
          ],
          "texture": "#1"
        },
        "south": {
          "uv": [
            3,
            6.5,
            4,
            7
          ],
          "texture": "#1"
        },
        "west": {
          "uv": [
            4,
            6.5,
            3,
            7
          ],
          "texture": "#1"
        },
        "up": {
          "uv": [
            3,
            8,
            4,
            9
          ],
          "texture": "#1"
        },
        "down": {
          "uv": [
            3,
            8,
            4,
            9
          ],
          "texture": "#1"
        }
      }
    },
    {
      "from": [
        4.5,
        25,
        8
      ],
      "to": [
        9.5,
        30,
        8
      ],
      "rotation": {
        "angle": 0,
        "axis": "z",
        "origin": [
          7,
          27.5,
          8
        ]
      },
      "faces": {
        "north": {
          "uv": [
            3,
            10,
            5.5,
            12.5
          ],
          "texture": "#1"
        },
        "east": {
          "uv": [
            5.5,
            10,
            3,
            12.5
          ],
          "texture": "#1"
        },
        "south": {
          "uv": [
            5.5,
            10,
            3,
            12.5
          ],
          "texture": "#1"
        },
        "west": {
          "uv": [
            5.5,
            10,
            3,
            12.5
          ],
          "texture": "#1"
        },
        "up": {
          "uv": [
            5.5,
            10,
            3,
            12.5
          ],
          "texture": "#1"
        },
        "down": {
          "uv": [
            5.5,
            10,
            3,
            12.5
          ],
          "texture": "#1"
        }
      }
    }
  ],
  "display": {
    "thirdperson_righthand": {
      "rotation": [
        0,
        -180,
        0
      ],
      "translation": [
        0,
        3.5,
        2
      ],
      "scale": [
        0.88477,
        0.88477,
        0.88477
      ]
    },
    "thirdperson_lefthand": {
      "translation": [
        0,
        3.5,
        2
      ],
      "scale": [
        0.88477,
        0.88477,
        0.88477
      ]
    },
    "firstperson_righthand": {
      "rotation": [
        15.28,
        -75.24,
        6.4
      ],
      "translation": [
        2.75,
        2,
        0
      ],
      "scale": [
        0.46484,
        0.5625,
        0.5625
      ]
    },
    "firstperson_lefthand": {
      "rotation": [
        15.28,
        -75.24,
        6.4
      ],
      "translation": [
        2.75,
        2,
        0
      ],
      "scale": [
        0.46484,
        0.5625,
        0.5625
      ]
    },
    "ground": {
      "rotation": [
        -25,
        0,
        -45
      ],
      "translation": [
        0,
        5.25,
        0
      ],
      "scale": [
        0.4082,
        0.4082,
        0.4082
      ]
    },
    "gui": {
      "rotation": [
        -40,
        -25,
        -50
      ],
      "translation": [
        -0.25,
        -0.75,
        0
      ],
      "scale": [
        0.42383,
        0.46484,
        0.46484
      ]
    },
    "head": {
      "rotation": [
        44.75,
        0,
        0
      ],
      "translation": [
        0,
        4.5,
        -2
      ]
    },
    "fixed": {
      "rotation": [
        0,
        0,
        45
      ],
      "translation": [
        0.75,
        -0.75,
        -0.25
      ],
      "scale": [
        0.57227,
        0.57227,
        0.57227
      ]
    }
  }
}