{
  "credit": "Made with Blockbench",
  "parent": "scythe",
  "texture_size": [
    32,
    32
  ],
  "elements": [
    {
      "from": [
        7,
        -10.5,
        10.9
      ],
      "to": [
        9,
        21.5,
        12.9
      ],
      "rotation": {
        "angle": 0,
        "axis": "y",
        "origin": [
          7,
          7.5,
          7.5
        ]
      },
      "faces": {
        "north": {
          "uv": [
            15,
            0,
            16,
            16
          ],
          "texture": "#0"
        },
        "east": {
          "uv": [
            15,
            0,
            16,
            16
          ],
          "texture": "#0"
        },
        "south": {
          "uv": [
            15,
            0,
            16,
            16
          ],
          "texture": "#0"
        },
        "west": {
          "uv": [
            15,
            0,
            16,
            16
          ],
          "texture": "#0"
        },
        "up": {
          "uv": [
            14,
            0,
            15,
            1
          ],
          "texture": "#0"
        },
        "down": {
          "uv": [
            14,
            15,
            15,
            16
          ],
          "texture": "#0"
        }
      }
    },
    {
      "from": [
        7,
        21.5,
        10.9
      ],
      "to": [
        9,
        24.5,
        12.9
      ],
      "rotation": {
        "angle": 0,
        "axis": "y",
        "origin": [
          7,
          7.5,
          7.5
        ]
      },
      "faces": {
        "north": {
          "uv": [
            14,
            1,
            15,
            2.5
          ],
          "texture": "#0"
        },
        "east": {
          "uv": [
            14,
            1,
            15,
            2.5
          ],
          "texture": "#0"
        },
        "south": {
          "uv": [
            14,
            1,
            15,
            2.5
          ],
          "texture": "#0"
        },
        "west": {
          "uv": [
            14,
            1,
            15,
            2.5
          ],
          "texture": "#0"
        },
        "up": {
          "uv": [
            14,
            1,
            15,
            2.5
          ],
          "texture": "#0"
        },
        "down": {
          "uv": [
            14,
            1,
            15,
            2.5
          ],
          "texture": "#0"
        }
      }
    },
    {
      "from": [
        6,
        24.5,
        9.9
      ],
      "to": [
        10,
        28.5,
        13.9
      ],
      "rotation": {
        "angle": 0,
        "axis": "y",
        "origin": [
          7,
          7.5,
          7.5
        ]
      },
      "faces": {
        "north": {
          "uv": [
            1,
            8.5,
            3,
            10.5
          ],
          "texture": "#0"
        },
        "east": {
          "uv": [
            1,
            10.5,
            3,
            12.5
          ],
          "rotation": 90,
          "texture": "#0"
        },
        "south": {
          "uv": [
            1,
            4.5,
            3,
            6.5
          ],
          "texture": "#0"
        },
        "west": {
          "uv": [
            1,
            0.5,
            3,
            2.5
          ],
          "texture": "#0"
        },
        "up": {
          "uv": [
            1,
            2.5,
            3,
            4.5
          ],
          "texture": "#0"
        },
        "down": {
          "uv": [
            1,
            6.5,
            3,
            8.5
          ],
          "texture": "#0"
        }
      }
    },
    {
      "from": [
        7.5,
        26.5,
        -2.1
      ],
      "to": [
        8.5,
        30.5,
        7.9
      ],
      "rotation": {
        "angle": 0,
        "axis": "x",
        "origin": [
          7.5,
          7.5,
          7.5
        ]
      },
      "faces": {
        "north": {
          "uv": [
            6.5,
            13.5,
            7,
            15.5
          ],
          "texture": "#0"
        },
        "east": {
          "uv": [
            11.5,
            13.5,
            6.5,
            15.5
          ],
          "texture": "#0"
        },
        "south": {
          "uv": [
            11,
            13.5,
            11.5,
            15.5
          ],
          "texture": "#0"
        },
        "west": {
          "uv": [
            6.5,
            13.5,
            11.5,
            15.5
          ],
          "texture": "#0"
        },
        "up": {
          "uv": [
            6.5,
            13.5,
            11.5,
            14
          ],
          "rotation": 90,
          "texture": "#0"
        },
        "down": {
          "uv": [
            11.5,
            15.5,
            6.5,
            15
          ],
          "rotation": 90,
          "texture": "#0"
        }
      }
    },
    {
      "from": [
        7.5,
        25.5,
        7.9
      ],
      "to": [
        8.5,
        29.5,
        9.9
      ],
      "rotation": {
        "angle": 0,
        "axis": "y",
        "origin": [
          7.5,
          7.5,
          7.5
        ]
      },
      "faces": {
        "north": {
          "uv": [
            13.5,
            6.5,
            14,
            8.5
          ],
          "texture": "#0"
        },
        "east": {
          "uv": [
            14.5,
            6.5,
            13.5,
            8.5
          ],
          "texture": "#0"
        },
        "south": {
          "uv": [
            13.5,
            6.5,
            14,
            8.5
          ],
          "texture": "#0"
        },
        "west": {
          "uv": [
            13.5,
            6.5,
            14.5,
            8.5
          ],
          "texture": "#0"
        },
        "up": {
          "uv": [
            13.5,
            6.5,
            14.5,
            7
          ],
          "texture": "#0"
        },
        "down": {
          "uv": [
            13.5,
            8,
            14.5,
            8.5
          ],
          "texture": "#0"
        }
      }
    },
    {
      "from": [
        7.5,
        25.5,
        6.9
      ],
      "to": [
        8.5,
        26.5,
        7.9
      ],
      "rotation": {
        "angle": 0,
        "axis": "y",
        "origin": [
          7.5,
          7.5,
          7.5
        ]
      },
      "faces": {
        "north": {
          "uv": [
            14,
            8,
            14.5,
            8.5
          ],
          "texture": "#0"
        },
        "east": {
          "uv": [
            14,
            8,
            14.5,
            8.5
          ],
          "texture": "#0"
        },
        "south": {
          "uv": [
            14,
            8,
            14.5,
            8.5
          ],
          "texture": "#0"
        },
        "west": {
          "uv": [
            14,
            8,
            14.5,
            8.5
          ],
          "texture": "#0"
        },
        "up": {
          "uv": [
            14,
            8,
            14.5,
            8.5
          ],
          "texture": "#0"
        },
        "down": {
          "uv": [
            14,
            8,
            14.5,
            8.5
          ],
          "texture": "#0"
        }
      }
    },
    {
      "from": [
        7.5,
        25.5,
        13.9
      ],
      "to": [
        8.5,
        28.5,
        15.9
      ],
      "rotation": {
        "angle": 0,
        "axis": "y",
        "origin": [
          7.5,
          7.5,
          7.5
        ]
      },
      "faces": {
        "north": {
          "uv": [
            11.5,
            3.5,
            12.5,
            5
          ],
          "texture": "#0"
        },
        "east": {
          "uv": [
            12.5,
            3.5,
            11.5,
            5
          ],
          "texture": "#0"
        },
        "south": {
          "uv": [
            11.5,
            3.5,
            12,
            5
          ],
          "texture": "#0"
        },
        "west": {
          "uv": [
            11.5,
            3.5,
            12.5,
            5
          ],
          "texture": "#0"
        },
        "up": {
          "uv": [
            12.5,
            4,
            11.5,
            3.5
          ],
          "rotation": 270,
          "texture": "#0"
        },
        "down": {
          "uv": [
            12.5,
            4.5,
            11.5,
            5
          ],
          "rotation": 90,
          "texture": "#0"
        }
      }
    },
    {
      "from": [
        7.5,
        24.5,
        15.9
      ],
      "to": [
        8.5,
        27.5,
        16.9
      ],
      "rotation": {
        "angle": 0,
        "axis": "y",
        "origin": [
          7.5,
          7.5,
          7.5
        ]
      },
      "faces": {
        "north": {
          "uv": [
            0,
            0,
            0.5,
            1.5
          ],
          "texture": "#0"
        },
        "east": {
          "uv": [
            0,
            0,
            0.5,
            1.5
          ],
          "texture": "#0"
        },
        "south": {
          "uv": [
            0,
            0,
            0.5,
            1.5
          ],
          "texture": "#0"
        },
        "west": {
          "uv": [
            0,
            0,
            0.5,
            1.5
          ],
          "texture": "#0"
        },
        "up": {
          "uv": [
            0,
            0,
            0.5,
            0.5
          ],
          "texture": "#0"
        },
        "down": {
          "uv": [
            0,
            1,
            0.5,
            1.5
          ],
          "texture": "#0"
        }
      }
    },
    {
      "from": [
        7.5,
        25.5,
        -4.1
      ],
      "to": [
        8.5,
        29.5,
        -2.1
      ],
      "rotation": {
        "angle": 0,
        "axis": "y",
        "origin": [
          7.5,
          7.5,
          7.5
        ]
      },
      "faces": {
        "north": {
          "uv": [
            8,
            11,
            8.5,
            13
          ],
          "texture": "#0"
        },
        "east": {
          "uv": [
            8,
            11,
            9,
            13
          ],
          "texture": "#0"
        },
        "south": {
          "uv": [
            8.5,
            11,
            9,
            13
          ],
          "texture": "#0"
        },
        "west": {
          "uv": [
            8,
            11,
            9,
            13
          ],
          "texture": "#0"
        },
        "up": {
          "uv": [
            8,
            11,
            9,
            11.5
          ],
          "texture": "#0"
        },
        "down": {
          "uv": [
            8.5,
            12.5,
            9,
            13
          ],
          "texture": "#0"
        }
      }
    },
    {
      "from": [
        7.5,
        25.5,
        -2.1
      ],
      "to": [
        8.5,
        26.5,
        -1.1
      ],
      "rotation": {
        "angle": 0,
        "axis": "y",
        "origin": [
          7.5,
          7.5,
          7.5
        ]
      },
      "faces": {
        "north": {
          "uv": [
            8.5,
            12.5,
            9,
            13
          ],
          "texture": "#0"
        },
        "east": {
          "uv": [
            8.5,
            12.5,
            9,
            13
          ],
          "texture": "#0"
        },
        "south": {
          "uv": [
            8.5,
            12.5,
            9,
            13
          ],
          "texture": "#0"
        },
        "west": {
          "uv": [
            8.5,
            12.5,
            9,
            13
          ],
          "texture": "#0"
        },
        "up": {
          "uv": [
            8.5,
            12.5,
            9,
            13
          ],
          "texture": "#0"
        },
        "down": {
          "uv": [
            8.5,
            12.5,
            9,
            13
          ],
          "texture": "#0"
        }
      }
    },
    {
      "from": [
        7.5,
        24.5,
        -5.1
      ],
      "to": [
        8.5,
        25.5,
        -4.1
      ],
      "rotation": {
        "angle": 0,
        "axis": "y",
        "origin": [
          7.5,
          7.5,
          7.5
        ]
      },
      "faces": {
        "north": {
          "uv": [
            8.5,
            12.5,
            9,
            13
          ],
          "texture": "#0"
        },
        "east": {
          "uv": [
            8.5,
            12.5,
            9,
            13
          ],
          "texture": "#0"
        },
        "south": {
          "uv": [
            8.5,
            12.5,
            9,
            13
          ],
          "texture": "#0"
        },
        "west": {
          "uv": [
            8.5,
            12.5,
            9,
            13
          ],
          "texture": "#0"
        },
        "up": {
          "uv": [
            8.5,
            12.5,
            9,
            13
          ],
          "texture": "#0"
        },
        "down": {
          "uv": [
            8.5,
            12.5,
            9,
            13
          ],
          "texture": "#0"
        }
      }
    },
    {
      "from": [
        7.5,
        25.5,
        -5.1
      ],
      "to": [
        8.5,
        28.5,
        -4.1
      ],
      "rotation": {
        "angle": 0,
        "axis": "y",
        "origin": [
          7.5,
          7.5,
          7.5
        ]
      },
      "faces": {
        "north": {
          "uv": [
            7.5,
            11.5,
            8,
            13
          ],
          "texture": "#0"
        },
        "east": {
          "uv": [
            7.5,
            11.5,
            8,
            13
          ],
          "texture": "#0"
        },
        "south": {
          "uv": [
            7.5,
            11.5,
            8,
            13
          ],
          "texture": "#0"
        },
        "west": {
          "uv": [
            7.5,
            11.5,
            8,
            13
          ],
          "texture": "#0"
        },
        "up": {
          "uv": [
            7.5,
            11.5,
            8,
            12
          ],
          "texture": "#0"
        },
        "down": {
          "uv": [
            7.5,
            12.5,
            8,
            13
          ],
          "texture": "#0"
        }
      }
    },
    {
      "from": [
        7.5,
        23.5,
        -6.1
      ],
      "to": [
        8.5,
        27.5,
        -5.1
      ],
      "rotation": {
        "angle": 0,
        "axis": "y",
        "origin": [
          7.5,
          7.5,
          7.5
        ]
      },
      "faces": {
        "north": {
          "uv": [
            6.5,
            11.5,
            7,
            13.5
          ],
          "texture": "#0"
        },
        "east": {
          "uv": [
            6.5,
            11.5,
            7,
            13.5
          ],
          "texture": "#0"
        },
        "south": {
          "uv": [
            6.5,
            11.5,
            7,
            13.5
          ],
          "texture": "#0"
        },
        "west": {
          "uv": [
            6.5,
            11.5,
            7,
            13.5
          ],
          "texture": "#0"
        },
        "up": {
          "uv": [
            6.5,
            11.5,
            7,
            12
          ],
          "texture": "#0"
        },
        "down": {
          "uv": [
            6.5,
            13,
            7,
            13.5
          ],
          "texture": "#0"
        }
      }
    },
    {
      "from": [
        4,
        6.5,
        11.9
      ],
      "to": [
        7,
        7.5,
        12.9
      ],
      "faces": {
        "north": {
          "uv": [
            12,
            0,
            13.5,
            0.5
          ],
          "rotation": 180,
          "texture": "#0"
        },
        "east": {
          "uv": [
            12,
            0,
            13.5,
            0.5
          ],
          "texture": "#0"
        },
        "south": {
          "uv": [
            12,
            0,
            13.5,
            0.5
          ],
          "texture": "#0"
        },
        "west": {
          "uv": [
            12,
            0,
            12.5,
            0.5
          ],
          "texture": "#0"
        },
        "up": {
          "uv": [
            12,
            0,
            13.5,
            0.5
          ],
          "texture": "#0"
        },
        "down": {
          "uv": [
            12,
            0,
            13.5,
            0.5
          ],
          "texture": "#0"
        }
      }
    }
  ],
  "display": {
    "thirdperson_righthand": {
      "translation": [
        0.5,
        1.25,
        -1.75
      ],
      "scale": [
        0.79492,
        0.79492,
        0.79492
      ]
    },
    "thirdperson_lefthand": {
      "translation": [
        0.5,
        1.25,
        -1.75
      ],
      "scale": [
        0.79492,
        0.79492,
        0.79492
      ]
    },
    "firstperson_righthand": {
      "rotation": [
        14.43,
        15.85,
        3
      ],
      "translation": [
        1.25,
        -1.25,
        -2.25
      ],
      "scale": [
        0.59766,
        0.57227,
        0.51172
      ]
    },
    "firstperson_lefthand": {
      "rotation": [
        14.43,
        15.85,
        3
      ],
      "translation": [
        1.75,
        -1.25,
        -2.25
      ],
      "scale": [
        0.59766,
        0.57227,
        0.51172
      ]
    },
    "ground": {
      "rotation": [
        25,
        0,
        -45
      ],
      "translation": [
        0,
        4.5,
        0
      ],
      "scale": [
        0.36523,
        0.36523,
        0.36523
      ]
    },
    "gui": {
      "rotation": [
        25.92,
        43.8,
        -70.54
      ],
      "translation": [
        -2.25,
        -1,
        0
      ],
      "scale": [
        0.47461,
        0.47461,
        0.5293
      ]
    },
    "head": {
      "rotation": [
        -108.5,
        0,
        0
      ],
      "translation": [
        0,
        22,
        8
      ]
    },
    "fixed": {
      "rotation": [
        90,
        -32.25,
        90
      ],
      "translation": [
        1.75,
        -2,
        -0.25
      ],
      "scale": [
        0.49023,
        0.49023,
        0.49023
      ]
    }
  }
}