{
  "credit": "Made with Blockbench",
  "parent": "skullcrusher",
  "texture_size": [
    42,
    42
  ],
  "elements": [
    {
      "from": [
        7.5,
        0,
        0.5
      ],
      "to": [
        7.5,
        19,
        19.5
      ],
      "rotation": {
        "angle": 0,
        "axis": "y",
        "origin": [
          7.5,
          0,
          16
        ]
      },
      "faces": {
        "north": {
          "uv": [
            11.80952,
            4.19048,
            0,
            16
          ],
          "texture": "#1"
        },
        "east": {
          "uv": [
            16,
            12.19048,
            14.47619,
            13.71429
          ],
          "texture": "#1"
        },
        "south": {
          "uv": [
            11.80952,
            4.19048,
            0,
            16
          ],
          "texture": "#1"
        },
        "west": {
          "uv": [
            7.2381,
            8.7619,
            0,
            16
          ],
          "texture": "#1"
        },
        "up": {
          "uv": [
            0,
            16,
            11.80952,
            4.19048
          ],
          "texture": "#1"
        },
        "down": {
          "uv": [
            0,
            16,
            11.80952,
            4.19048
          ],
          "texture": "#1"
        }
      }
    },
    {
      "from": [
        7.5,
        1,
        16.5
      ],
      "to": [
        8.5,
        4,
        19.5
      ],
      "rotation": {
        "angle": 0,
        "axis": "y",
        "origin": [
          7.5,
          0,
          16
        ]
      },
      "faces": {
        "north": {
          "uv": [
            14.47619,
            10.28571,
            11.80952,
            14.47619
          ],
          "texture": "#1"
        },
        "east": {
          "uv": [
            14.47619,
            10.28571,
            11.80952,
            14.47619
          ],
          "texture": "#1"
        },
        "south": {
          "uv": [
            0.38095,
            14.47619,
            0,
            15.61905
          ],
          "texture": "#1"
        },
        "west": {
          "uv": [
            14.47619,
            10.28571,
            11.80952,
            14.47619
          ],
          "texture": "#1"
        },
        "up": {
          "uv": [
            0.38095,
            14.85714,
            1.14286,
            14.47619
          ],
          "texture": "#1"
        },
        "down": {
          "uv": [
            0,
            15.2381,
            0.38095,
            15.61905
          ],
          "texture": "#1"
        }
      }
    },
    {
      "from": [
        7.5,
        3,
        14.5
      ],
      "to": [
        8.5,
        5,
        16.5
      ],
      "rotation": {
        "angle": 0,
        "axis": "y",
        "origin": [
          7.5,
          0,
          16
        ]
      },
      "faces": {
        "north": {
          "uv": [
            1.90476,
            14.47619,
            1.52381,
            14.85714
          ],
          "texture": "#1"
        },
        "east": {
          "uv": [
            14.47619,
            10.28571,
            11.80952,
            14.47619
          ],
          "texture": "#1"
        },
        "south": {
          "uv": [
            1.52381,
            14.09524,
            1.14286,
            14.85714
          ],
          "texture": "#1"
        },
        "west": {
          "uv": [
            14.47619,
            10.28571,
            11.80952,
            14.47619
          ],
          "texture": "#1"
        },
        "up": {
          "uv": [
            1.14286,
            14.47619,
            1.52381,
            14.09524
          ],
          "texture": "#1"
        },
        "down": {
          "uv": [
            1.52381,
            14.47619,
            1.90476,
            14.85714
          ],
          "texture": "#1"
        }
      }
    },
    {
      "from": [
        7.5,
        4,
        13.5
      ],
      "to": [
        8.5,
        6,
        15.5
      ],
      "rotation": {
        "angle": 0,
        "axis": "y",
        "origin": [
          7.5,
          0,
          16
        ]
      },
      "faces": {
        "north": {
          "uv": [
            2.28571,
            14.09524,
            1.90476,
            14.47619
          ],
          "texture": "#1"
        },
        "east": {
          "uv": [
            14.47619,
            10.28571,
            11.80952,
            14.47619
          ],
          "texture": "#1"
        },
        "south": {
          "uv": [
            1.90476,
            13.71429,
            1.52381,
            14.47619
          ],
          "texture": "#1"
        },
        "west": {
          "uv": [
            14.47619,
            10.28571,
            11.80952,
            14.47619
          ],
          "texture": "#1"
        },
        "up": {
          "uv": [
            1.52381,
            14.09524,
            1.90476,
            13.71429
          ],
          "texture": "#1"
        },
        "down": {
          "uv": [
            1.90476,
            14.09524,
            2.28571,
            14.47619
          ],
          "texture": "#1"
        }
      }
    },
    {
      "from": [
        7.5,
        5,
        12.5
      ],
      "to": [
        8.5,
        7,
        14.5
      ],
      "rotation": {
        "angle": 0,
        "axis": "y",
        "origin": [
          7.5,
          0,
          16
        ]
      },
      "faces": {
        "north": {
          "uv": [
            2.28571,
            14.09524,
            1.90476,
            14.47619
          ],
          "texture": "#1"
        },
        "east": {
          "uv": [
            14.47619,
            10.28571,
            11.80952,
            14.47619
          ],
          "texture": "#1"
        },
        "south": {
          "uv": [
            1.90476,
            13.71429,
            1.52381,
            14.47619
          ],
          "texture": "#1"
        },
        "west": {
          "uv": [
            14.47619,
            10.28571,
            11.80952,
            14.47619
          ],
          "texture": "#1"
        },
        "up": {
          "uv": [
            1.52381,
            14.09524,
            1.90476,
            13.71429
          ],
          "texture": "#1"
        },
        "down": {
          "uv": [
            1.90476,
            14.09524,
            2.28571,
            14.47619
          ],
          "texture": "#1"
        }
      }
    },
    {
      "from": [
        7.5,
        6,
        11.5
      ],
      "to": [
        8.5,
        8,
        13.5
      ],
      "rotation": {
        "angle": 0,
        "axis": "y",
        "origin": [
          7.5,
          0,
          16
        ]
      },
      "faces": {
        "north": {
          "uv": [
            2.28571,
            14.09524,
            1.90476,
            14.47619
          ],
          "texture": "#1"
        },
        "east": {
          "uv": [
            14.47619,
            10.28571,
            11.80952,
            14.47619
          ],
          "texture": "#1"
        },
        "south": {
          "uv": [
            1.90476,
            13.71429,
            1.52381,
            14.47619
          ],
          "texture": "#1"
        },
        "west": {
          "uv": [
            14.47619,
            10.28571,
            11.80952,
            14.47619
          ],
          "texture": "#1"
        },
        "up": {
          "uv": [
            1.52381,
            14.09524,
            1.90476,
            13.71429
          ],
          "texture": "#1"
        },
        "down": {
          "uv": [
            1.90476,
            14.09524,
            2.28571,
            14.47619
          ],
          "texture": "#1"
        }
      }
    },
    {
      "from": [
        7.5,
        7,
        10.5
      ],
      "to": [
        8.5,
        9,
        12.5
      ],
      "rotation": {
        "angle": 0,
        "axis": "y",
        "origin": [
          7.5,
          0,
          16
        ]
      },
      "faces": {
        "north": {
          "uv": [
            2.28571,
            14.09524,
            1.90476,
            14.47619
          ],
          "texture": "#1"
        },
        "east": {
          "uv": [
            14.47619,
            10.28571,
            11.80952,
            14.47619
          ],
          "texture": "#1"
        },
        "south": {
          "uv": [
            3.04762,
            12.57143,
            2.66667,
            13.33333
          ],
          "texture": "#1"
        },
        "west": {
          "uv": [
            14.47619,
            10.28571,
            11.80952,
            14.47619
          ],
          "texture": "#1"
        },
        "up": {
          "uv": [
            2.66667,
            12.95238,
            3.04762,
            12.57143
          ],
          "texture": "#1"
        },
        "down": {
          "uv": [
            3.04762,
            12.95238,
            3.42857,
            13.33333
          ],
          "texture": "#1"
        }
      }
    },
    {
      "from": [
        7.5,
        8,
        9.5
      ],
      "to": [
        8.5,
        10,
        11.5
      ],
      "rotation": {
        "angle": 0,
        "axis": "y",
        "origin": [
          7.5,
          0,
          16
        ]
      },
      "faces": {
        "north": {
          "uv": [
            2.28571,
            14.09524,
            1.90476,
            14.47619
          ],
          "texture": "#1"
        },
        "east": {
          "uv": [
            14.47619,
            10.28571,
            11.80952,
            14.47619
          ],
          "texture": "#1"
        },
        "south": {
          "uv": [
            3.42857,
            12.19048,
            3.04762,
            12.95238
          ],
          "texture": "#1"
        },
        "west": {
          "uv": [
            14.47619,
            10.28571,
            11.80952,
            14.47619
          ],
          "texture": "#1"
        },
        "up": {
          "uv": [
            3.04762,
            12.57143,
            3.42857,
            12.19048
          ],
          "texture": "#1"
        },
        "down": {
          "uv": [
            3.42857,
            12.57143,
            3.80952,
            12.95238
          ],
          "texture": "#1"
        }
      }
    },
    {
      "from": [
        7.5,
        9,
        8.5
      ],
      "to": [
        8.5,
        11,
        10.5
      ],
      "rotation": {
        "angle": 0,
        "axis": "y",
        "origin": [
          7.5,
          0,
          16
        ]
      },
      "faces": {
        "north": {
          "uv": [
            4.19048,
            12.19048,
            3.80952,
            12.57143
          ],
          "texture": "#1"
        },
        "east": {
          "uv": [
            14.47619,
            10.28571,
            11.80952,
            14.47619
          ],
          "texture": "#1"
        },
        "south": {
          "uv": [
            3.80952,
            11.80952,
            3.42857,
            12.57143
          ],
          "texture": "#1"
        },
        "west": {
          "uv": [
            14.47619,
            10.28571,
            11.80952,
            14.47619
          ],
          "texture": "#1"
        },
        "up": {
          "uv": [
            3.42857,
            12.19048,
            3.80952,
            11.80952
          ],
          "texture": "#1"
        },
        "down": {
          "uv": [
            3.80952,
            12.19048,
            4.19048,
            12.57143
          ],
          "texture": "#1"
        }
      }
    },
    {
      "from": [
        7.5,
        10,
        7.5
      ],
      "to": [
        8.5,
        12,
        9.5
      ],
      "rotation": {
        "angle": 0,
        "axis": "y",
        "origin": [
          7.5,
          0,
          16
        ]
      },
      "faces": {
        "north": {
          "uv": [
            4.57143,
            11.80952,
            4.19048,
            12.19048
          ],
          "texture": "#1"
        },
        "east": {
          "uv": [
            14.47619,
            10.28571,
            11.80952,
            14.47619
          ],
          "texture": "#1"
        },
        "south": {
          "uv": [
            4.19048,
            11.42857,
            3.80952,
            12.19048
          ],
          "texture": "#1"
        },
        "west": {
          "uv": [
            14.47619,
            10.28571,
            11.80952,
            14.47619
          ],
          "texture": "#1"
        },
        "up": {
          "uv": [
            3.80952,
            11.80952,
            4.19048,
            11.42857
          ],
          "texture": "#1"
        },
        "down": {
          "uv": [
            4.19048,
            11.80952,
            4.57143,
            12.19048
          ],
          "texture": "#1"
        }
      }
    },
    {
      "from": [
        7.5,
        11,
        6.5
      ],
      "to": [
        8.5,
        13,
        8.5
      ],
      "rotation": {
        "angle": 0,
        "axis": "y",
        "origin": [
          7.5,
          0,
          16
        ]
      },
      "faces": {
        "north": {
          "uv": [
            4.95238,
            11.42857,
            4.57143,
            11.80952
          ],
          "texture": "#1"
        },
        "east": {
          "uv": [
            14.47619,
            10.28571,
            11.80952,
            14.47619
          ],
          "texture": "#1"
        },
        "south": {
          "uv": [
            4.57143,
            11.04762,
            4.19048,
            11.80952
          ],
          "texture": "#1"
        },
        "west": {
          "uv": [
            14.47619,
            10.28571,
            11.80952,
            14.47619
          ],
          "texture": "#1"
        },
        "up": {
          "uv": [
            4.19048,
            11.42857,
            4.57143,
            11.04762
          ],
          "texture": "#1"
        },
        "down": {
          "uv": [
            4.57143,
            11.42857,
            4.95238,
            11.80952
          ],
          "texture": "#1"
        }
      }
    },
    {
      "from": [
        7.5,
        12,
        5.5
      ],
      "to": [
        8.5,
        14,
        7.5
      ],
      "rotation": {
        "angle": 0,
        "axis": "y",
        "origin": [
          7.5,
          0,
          16
        ]
      },
      "faces": {
        "north": {
          "uv": [
            4.95238,
            11.42857,
            5.33333,
            11.04762
          ],
          "rotation": 270,
          "texture": "#1"
        },
        "east": {
          "uv": [
            14.47619,
            10.28571,
            11.80952,
            14.47619
          ],
          "texture": "#1"
        },
        "south": {
          "uv": [
            4.95238,
            10.66667,
            4.57143,
            11.42857
          ],
          "texture": "#1"
        },
        "west": {
          "uv": [
            14.47619,
            10.28571,
            11.80952,
            14.47619
          ],
          "texture": "#1"
        },
        "up": {
          "uv": [
            4.57143,
            11.04762,
            4.95238,
            10.66667
          ],
          "texture": "#1"
        },
        "down": {
          "uv": [
            4.95238,
            11.04762,
            5.33333,
            11.42857
          ],
          "texture": "#1"
        }
      }
    },
    {
      "from": [
        7.5,
        13,
        4.5
      ],
      "to": [
        8.5,
        15,
        6.5
      ],
      "rotation": {
        "angle": 0,
        "axis": "y",
        "origin": [
          7.5,
          0,
          16
        ]
      },
      "faces": {
        "north": {
          "uv": [
            5.33333,
            11.04762,
            5.71429,
            10.66667
          ],
          "rotation": 270,
          "texture": "#1"
        },
        "east": {
          "uv": [
            14.47619,
            10.28571,
            11.80952,
            14.47619
          ],
          "texture": "#1"
        },
        "south": {
          "uv": [
            5.33333,
            10.28571,
            4.95238,
            11.04762
          ],
          "texture": "#1"
        },
        "west": {
          "uv": [
            14.47619,
            10.28571,
            11.80952,
            14.47619
          ],
          "texture": "#1"
        },
        "up": {
          "uv": [
            4.95238,
            10.66667,
            5.33333,
            10.28571
          ],
          "texture": "#1"
        },
        "down": {
          "uv": [
            5.33333,
            10.66667,
            5.71429,
            11.04762
          ],
          "texture": "#1"
        }
      }
    },
    {
      "from": [
        7.5,
        0,
        15.5
      ],
      "to": [
        8.5,
        3,
        18.5
      ],
      "rotation": {
        "angle": 0,
        "axis": "y",
        "origin": [
          7.5,
          0,
          16
        ]
      },
      "faces": {
        "north": {
          "uv": [
            1.52381,
            14.85714,
            1.14286,
            16
          ],
          "texture": "#1"
        },
        "east": {
          "uv": [
            14.47619,
            10.28571,
            11.80952,
            14.47619
          ],
          "texture": "#1"
        },
        "south": {
          "uv": [
            0.7619,
            15.2381,
            0.38095,
            16
          ],
          "texture": "#1"
        },
        "west": {
          "uv": [
            14.47619,
            10.28571,
            11.80952,
            14.47619
          ],
          "texture": "#1"
        },
        "up": {
          "uv": [
            0.38095,
            14.85714,
            1.14286,
            14.47619
          ],
          "texture": "#1"
        },
        "down": {
          "uv": [
            0.38095,
            15.61905,
            0.7619,
            16
          ],
          "texture": "#1"
        }
      }
    },
    {
      "from": [
        8.5,
        0,
        0.5
      ],
      "to": [
        8.5,
        19,
        19.5
      ],
      "rotation": {
        "angle": 0,
        "axis": "y",
        "origin": [
          8.5,
          0,
          16
        ]
      },
      "faces": {
        "north": {
          "uv": [
            0,
            4.19048,
            11.80952,
            16
          ],
          "texture": "#1"
        },
        "east": {
          "uv": [
            0,
            8.7619,
            7.2381,
            16
          ],
          "texture": "#1"
        },
        "south": {
          "uv": [
            0,
            4.19048,
            11.80952,
            16
          ],
          "texture": "#1"
        },
        "west": {
          "uv": [
            13.71429,
            11.80952,
            15.2381,
            13.33333
          ],
          "texture": "#1"
        },
        "up": {
          "uv": [
            11.80952,
            16,
            0,
            4.19048
          ],
          "texture": "#1"
        },
        "down": {
          "uv": [
            11.80952,
            16,
            0,
            4.19048
          ],
          "texture": "#1"
        }
      }
    },
    {
      "from": [
        4,
        8.6,
        -7.1
      ],
      "to": [
        12,
        16.6,
        5.9
      ],
      "rotation": {
        "angle": -45,
        "axis": "x",
        "origin": [
          8.5,
          20.1,
          -0.6
        ]
      },
      "faces": {
        "north": {
          "uv": [
            12.95238,
            0,
            9.90476,
            3.04762
          ],
          "rotation": 180,
          "texture": "#1"
        },
        "east": {
          "uv": [
            9.90476,
            8,
            12.95238,
            3.04762
          ],
          "rotation": 90,
          "texture": "#1"
        },
        "south": {
          "uv": [
            9.90476,
            0,
            6.85714,
            3.04762
          ],
          "rotation": 180,
          "texture": "#1"
        },
        "west": {
          "uv": [
            3.80952,
            8,
            6.85714,
            3.04762
          ],
          "rotation": 270,
          "texture": "#1"
        },
        "up": {
          "uv": [
            6.85714,
            8,
            9.90476,
            3.04762
          ],
          "texture": "#1"
        },
        "down": {
          "uv": [
            12.95238,
            8,
            16,
            3.04762
          ],
          "texture": "#1"
        }
      }
    }
  ],
  "display": {
    "thirdperson_righthand": {
      "rotation": [
        46.25,
        0,
        0
      ],
      "translation": [
        0,
        4,
        -0.5
      ],
      "scale": [
        0.98047,
        0.98047,
        0.98047
      ]
    },
    "thirdperson_lefthand": {
      "rotation": [
        46.25,
        0,
        0
      ],
      "translation": [
        0,
        4,
        -0.5
      ],
      "scale": [
        0.98047,
        0.98047,
        0.98047
      ]
    },
    "firstperson_righthand": {
      "rotation": [
        65,
        0,
        0
      ],
      "translation": [
        3,
        2.25,
        -2
      ],
      "scale": [
        0.74805,
        0.74805,
        0.74805
      ]
    },
    "firstperson_lefthand": {
      "rotation": [
        65,
        0,
        0
      ],
      "translation": [
        3,
        2.25,
        -1.75
      ],
      "scale": [
        0.74805,
        0.74805,
        0.74805
      ]
    },
    "ground": {
      "translation": [
        0,
        4.5,
        -0.75
      ],
      "scale": [
        0.59375,
        0.59375,
        0.59375
      ]
    },
    "gui": {
      "rotation": [
        140,
        -75,
        -180
      ],
      "translation": [
        0,
        -1.75,
        0
      ],
      "scale": [
        0.63477,
        0.63477,
        0.63477
      ]
    },
    "head": {
      "rotation": [
        106.5,
        0,
        0
      ],
      "translation": [
        0,
        8.75,
        -13
      ],
      "scale": [
        1.11133,
        1.11133,
        1.11133
      ]
    },
    "fixed": {
      "rotation": [
        0,
        90,
        0
      ],
      "translation": [
        -0.5,
        -2.25,
        0
      ],
      "scale": [
        0.76563,
        0.76563,
        0.76563
      ]
    }
  },
  "groups": [
    {
      "name": "group",
      "origin": [
        8,
        8,
        8
      ],
      "color": 0,
      "children": [
        0,
        1,
        2,
        3,
        4,
        5,
        6,
        7,
        8,
        9,
        10,
        11,
        12,
        13,
        14,
        15
      ]
    }
  ]
}