{
  "credit": "Made with Blockbench",
  "parent": "soulsaber",
  "texture_size": [
    32,
    32
  ],
  "elements": [
    {
      "from": [
        7,
        1.44645,
        7
      ],
      "to": [
        9,
        6.44645,
        9
      ],
      "rotation": {
        "angle": 0,
        "axis": "y",
        "origin": [
          8.01802,
          13.44645,
          8
        ]
      },
      "faces": {
        "north": {
          "uv": [
            0,
            13.5,
            1,
            16
          ],
          "texture": "#0"
        },
        "east": {
          "uv": [
            0,
            13.5,
            1,
            16
          ],
          "texture": "#0"
        },
        "south": {
          "uv": [
            0,
            13.5,
            1,
            16
          ],
          "texture": "#0"
        },
        "west": {
          "uv": [
            0,
            13.5,
            1,
            16
          ],
          "texture": "#0"
        },
        "up": {
          "uv": [
            0,
            13.5,
            0.5,
            14
          ],
          "texture": "#0"
        },
        "down": {
          "uv": [
            0,
            15.5,
            0.5,
            16
          ],
          "texture": "#0"
        }
      }
    },
    {
      "from": [
        6.5,
        -1.55355,
        6.5
      ],
      "to": [
        9.5,
        1.44645,
        9.5
      ],
      "rotation": {
        "angle": 0,
        "axis": "y",
        "origin": [
          8.01802,
          13.44645,
          8
        ]
      },
      "faces": {
        "north": {
          "uv": [
            2,
            13,
            3.5,
            14.5
          ],
          "texture": "#0"
        },
        "east": {
          "uv": [
            3.5,
            13,
            2,
            14.5
          ],
          "texture": "#0"
        },
        "south": {
          "uv": [
            2,
            13,
            3.5,
            14.5
          ],
          "texture": "#0"
        },
        "west": {
          "uv": [
            3.5,
            13,
            2,
            14.5
          ],
          "texture": "#0"
        },
        "up": {
          "uv": [
            5.5,
            13,
            4,
            14.5
          ],
          "texture": "#0"
        },
        "down": {
          "uv": [
            4,
            11,
            5.5,
            12.5
          ],
          "texture": "#0"
        }
      }
    },
    {
      "from": [
        6.5,
        6.44645,
        6.5
      ],
      "to": [
        9.5,
        9.44645,
        9.5
      ],
      "rotation": {
        "angle": 0,
        "axis": "y",
        "origin": [
          8.01802,
          13.44645,
          8
        ]
      },
      "faces": {
        "north": {
          "uv": [
            2,
            13,
            3.5,
            14.5
          ],
          "texture": "#0"
        },
        "east": {
          "uv": [
            3.5,
            13,
            2,
            14.5
          ],
          "texture": "#0"
        },
        "south": {
          "uv": [
            2,
            13,
            3.5,
            14.5
          ],
          "texture": "#0"
        },
        "west": {
          "uv": [
            3.5,
            13,
            2,
            14.5
          ],
          "texture": "#0"
        },
        "up": {
          "uv": [
            5.5,
            3.5,
            4,
            5
          ],
          "texture": "#0"
        },
        "down": {
          "uv": [
            4,
            11,
            5.5,
            12.5
          ],
          "texture": "#0"
        }
      }
    },
    {
      "from": [
        6.00711,
        9.94645,
        7.5
      ],
      "to": [
        9.00711,
        10.94645,
        8.5
      ],
      "rotation": {
        "angle": -45,
        "axis": "z",
        "origin": [
          9.00711,
          10.44645,
          9
        ]
      },
      "faces": {
        "north": {
          "uv": [
            10,
            11,
            11.5,
            11.5
          ],
          "texture": "#0"
        },
        "east": {
          "uv": [
            10,
            11,
            10.5,
            11.5
          ],
          "texture": "#0"
        },
        "south": {
          "uv": [
            11.5,
            11,
            10,
            11.5
          ],
          "texture": "#0"
        },
        "west": {
          "uv": [
            11,
            11,
            11.5,
            11.5
          ],
          "texture": "#0"
        },
        "up": {
          "uv": [
            11.5,
            11,
            10,
            11.5
          ],
          "texture": "#0"
        },
        "down": {
          "uv": [
            10,
            11,
            11.5,
            11.5
          ],
          "texture": "#0"
        }
      }
    },
    {
      "from": [
        7.00711,
        8.94645,
        7.5
      ],
      "to": [
        10.00711,
        9.94645,
        8.5
      ],
      "rotation": {
        "angle": -45,
        "axis": "z",
        "origin": [
          9.00711,
          10.44645,
          9
        ]
      },
      "faces": {
        "north": {
          "uv": [
            10,
            11.5,
            11.5,
            12
          ],
          "texture": "#0"
        },
        "east": {
          "uv": [
            10,
            11.5,
            11.5,
            12
          ],
          "texture": "#0"
        },
        "south": {
          "uv": [
            11.5,
            11.5,
            10,
            12
          ],
          "texture": "#0"
        },
        "west": {
          "uv": [
            11,
            11.5,
            11.5,
            12
          ],
          "texture": "#0"
        },
        "up": {
          "uv": [
            11.5,
            11.5,
            10,
            12
          ],
          "texture": "#0"
        },
        "down": {
          "uv": [
            10,
            11.5,
            11.5,
            12
          ],
          "texture": "#0"
        }
      }
    },
    {
      "from": [
        8.00711,
        7.94645,
        7.5
      ],
      "to": [
        11.00711,
        8.94645,
        8.5
      ],
      "rotation": {
        "angle": -45,
        "axis": "z",
        "origin": [
          9.00711,
          10.44645,
          9
        ]
      },
      "faces": {
        "north": {
          "uv": [
            10,
            12,
            11.5,
            12.5
          ],
          "texture": "#0"
        },
        "east": {
          "uv": [
            11.5,
            12,
            11,
            12.5
          ],
          "texture": "#0"
        },
        "south": {
          "uv": [
            11.5,
            12,
            10,
            12.5
          ],
          "texture": "#0"
        },
        "west": {
          "uv": [
            11,
            12,
            11.5,
            12.5
          ],
          "texture": "#0"
        },
        "up": {
          "uv": [
            11.5,
            12,
            10,
            12.5
          ],
          "texture": "#0"
        },
        "down": {
          "uv": [
            10,
            12,
            11.5,
            12.5
          ],
          "texture": "#0"
        }
      }
    },
    {
      "from": [
        5.00711,
        10.94645,
        7.5
      ],
      "to": [
        8.00711,
        11.94645,
        8.5
      ],
      "rotation": {
        "angle": -45,
        "axis": "z",
        "origin": [
          9.00711,
          10.44645,
          9
        ]
      },
      "faces": {
        "north": {
          "uv": [
            10,
            10.5,
            11.5,
            11
          ],
          "texture": "#0"
        },
        "east": {
          "uv": [
            10,
            10.5,
            10.5,
            11
          ],
          "texture": "#0"
        },
        "south": {
          "uv": [
            11.5,
            10.5,
            10,
            11
          ],
          "texture": "#0"
        },
        "west": {
          "uv": [
            11,
            10.5,
            11.5,
            11
          ],
          "texture": "#0"
        },
        "up": {
          "uv": [
            11.5,
            10.5,
            10,
            11
          ],
          "texture": "#0"
        },
        "down": {
          "uv": [
            10,
            10.5,
            11.5,
            11
          ],
          "texture": "#0"
        }
      }
    },
    {
      "from": [
        4.00711,
        11.94645,
        7.5
      ],
      "to": [
        7.00711,
        12.94645,
        8.5
      ],
      "rotation": {
        "angle": -45,
        "axis": "z",
        "origin": [
          9.00711,
          10.44645,
          9
        ]
      },
      "faces": {
        "north": {
          "uv": [
            11.5,
            10,
            10,
            10.5
          ],
          "texture": "#0"
        },
        "east": {
          "uv": [
            10,
            10,
            10.5,
            10.5
          ],
          "texture": "#0"
        },
        "south": {
          "uv": [
            11.5,
            10,
            10,
            10.5
          ],
          "texture": "#0"
        },
        "west": {
          "uv": [
            11,
            10,
            11.5,
            10.5
          ],
          "texture": "#0"
        },
        "up": {
          "uv": [
            10,
            10,
            11.5,
            10.5
          ],
          "texture": "#0"
        },
        "down": {
          "uv": [
            10,
            10,
            11.5,
            10.5
          ],
          "texture": "#0"
        }
      }
    },
    {
      "from": [
        3.00711,
        12.94645,
        7.5
      ],
      "to": [
        7.00711,
        13.94645,
        8.5
      ],
      "rotation": {
        "angle": -45,
        "axis": "z",
        "origin": [
          9.00711,
          10.44645,
          9
        ]
      },
      "faces": {
        "north": {
          "uv": [
            10,
            9.5,
            12,
            10
          ],
          "texture": "#0"
        },
        "east": {
          "uv": [
            10,
            9.5,
            10.5,
            10
          ],
          "texture": "#0"
        },
        "south": {
          "uv": [
            12,
            9.5,
            10,
            10
          ],
          "texture": "#0"
        },
        "west": {
          "uv": [
            11.5,
            9.5,
            12,
            10
          ],
          "texture": "#0"
        },
        "up": {
          "uv": [
            12,
            9.5,
            10,
            10
          ],
          "texture": "#0"
        },
        "down": {
          "uv": [
            10,
            9.5,
            12,
            10
          ],
          "texture": "#0"
        }
      }
    },
    {
      "from": [
        2.00711,
        13.94645,
        7.5
      ],
      "to": [
        6.00711,
        14.94645,
        8.5
      ],
      "rotation": {
        "angle": -45,
        "axis": "z",
        "origin": [
          9.00711,
          10.44645,
          9
        ]
      },
      "faces": {
        "north": {
          "uv": [
            10,
            9,
            12,
            9.5
          ],
          "texture": "#0"
        },
        "east": {
          "uv": [
            10.5,
            9,
            10,
            9.5
          ],
          "texture": "#0"
        },
        "south": {
          "uv": [
            12,
            9,
            10,
            9.5
          ],
          "texture": "#0"
        },
        "west": {
          "uv": [
            11.5,
            9,
            12,
            9.5
          ],
          "texture": "#0"
        },
        "up": {
          "uv": [
            10,
            9,
            12,
            9.5
          ],
          "texture": "#0"
        },
        "down": {
          "uv": [
            10,
            9,
            12,
            9.5
          ],
          "texture": "#0"
        }
      }
    },
    {
      "from": [
        1.00711,
        14.94645,
        7.5
      ],
      "to": [
        6.00711,
        15.94645,
        8.5
      ],
      "rotation": {
        "angle": -45,
        "axis": "z",
        "origin": [
          9.00711,
          10.44645,
          9
        ]
      },
      "faces": {
        "north": {
          "uv": [
            10,
            8.5,
            12.5,
            9
          ],
          "texture": "#0"
        },
        "east": {
          "uv": [
            10,
            8.5,
            10.5,
            9
          ],
          "texture": "#0"
        },
        "south": {
          "uv": [
            12.5,
            8.5,
            10,
            9
          ],
          "texture": "#0"
        },
        "west": {
          "uv": [
            12,
            8.5,
            12.5,
            9
          ],
          "texture": "#0"
        },
        "up": {
          "uv": [
            12.5,
            8.5,
            10,
            9
          ],
          "texture": "#0"
        },
        "down": {
          "uv": [
            10,
            8.5,
            12.5,
            9
          ],
          "texture": "#0"
        }
      }
    },
    {
      "from": [
        0.00711,
        15.94645,
        7.5
      ],
      "to": [
        5.00711,
        16.94645,
        8.5
      ],
      "rotation": {
        "angle": -45,
        "axis": "z",
        "origin": [
          9.00711,
          10.44645,
          9
        ]
      },
      "faces": {
        "north": {
          "uv": [
            10,
            8,
            12.5,
            8.5
          ],
          "texture": "#0"
        },
        "east": {
          "uv": [
            10,
            8,
            10.5,
            8.5
          ],
          "texture": "#0"
        },
        "south": {
          "uv": [
            12.5,
            8,
            10,
            8.5
          ],
          "texture": "#0"
        },
        "west": {
          "uv": [
            12,
            8,
            12.5,
            8.5
          ],
          "texture": "#0"
        },
        "up": {
          "uv": [
            12.5,
            8,
            10,
            8.5
          ],
          "texture": "#0"
        },
        "down": {
          "uv": [
            10,
            8,
            12.5,
            8.5
          ],
          "texture": "#0"
        }
      }
    },
    {
      "from": [
        -0.99289,
        16.94645,
        7.5
      ],
      "to": [
        4.00711,
        17.94645,
        8.5
      ],
      "rotation": {
        "angle": -45,
        "axis": "z",
        "origin": [
          9.00711,
          10.44645,
          9
        ]
      },
      "faces": {
        "north": {
          "uv": [
            10,
            7.5,
            12.5,
            8
          ],
          "texture": "#0"
        },
        "east": {
          "uv": [
            10,
            7.5,
            10.5,
            8
          ],
          "texture": "#0"
        },
        "south": {
          "uv": [
            12.5,
            7.5,
            10,
            8
          ],
          "texture": "#0"
        },
        "west": {
          "uv": [
            12,
            7.5,
            12.5,
            8
          ],
          "texture": "#0"
        },
        "up": {
          "uv": [
            12.5,
            7.5,
            10,
            8
          ],
          "texture": "#0"
        },
        "down": {
          "uv": [
            10,
            7.5,
            12.5,
            8
          ],
          "texture": "#0"
        }
      }
    },
    {
      "from": [
        -1.99289,
        17.94645,
        7.5
      ],
      "to": [
        3.00711,
        18.94645,
        8.5
      ],
      "rotation": {
        "angle": -45,
        "axis": "z",
        "origin": [
          9.00711,
          10.44645,
          9
        ]
      },
      "faces": {
        "north": {
          "uv": [
            10,
            7,
            12.5,
            7.5
          ],
          "texture": "#0"
        },
        "east": {
          "uv": [
            10,
            7,
            10.5,
            7.5
          ],
          "texture": "#0"
        },
        "south": {
          "uv": [
            12.5,
            7,
            10,
            7.5
          ],
          "texture": "#0"
        },
        "west": {
          "uv": [
            12,
            7,
            12.5,
            7.5
          ],
          "texture": "#0"
        },
        "up": {
          "uv": [
            12.5,
            7,
            10,
            7.5
          ],
          "texture": "#0"
        },
        "down": {
          "uv": [
            10,
            7,
            12.5,
            7.5
          ],
          "texture": "#0"
        }
      }
    },
    {
      "from": [
        -2.99289,
        18.94645,
        7.5
      ],
      "to": [
        2.00711,
        19.94645,
        8.5
      ],
      "rotation": {
        "angle": -45,
        "axis": "z",
        "origin": [
          9.00711,
          10.44645,
          9
        ]
      },
      "faces": {
        "north": {
          "uv": [
            10,
            6.5,
            12.5,
            7
          ],
          "texture": "#0"
        },
        "east": {
          "uv": [
            10,
            6.5,
            10.5,
            7
          ],
          "texture": "#0"
        },
        "south": {
          "uv": [
            12.5,
            6.5,
            10,
            7
          ],
          "texture": "#0"
        },
        "west": {
          "uv": [
            12,
            6.5,
            12.5,
            7
          ],
          "texture": "#0"
        },
        "up": {
          "uv": [
            12.5,
            6.5,
            10,
            7
          ],
          "texture": "#0"
        },
        "down": {
          "uv": [
            10,
            6.5,
            12.5,
            7
          ],
          "texture": "#0"
        }
      }
    },
    {
      "from": [
        -3.99289,
        19.94645,
        7.5
      ],
      "to": [
        0.00711,
        20.94645,
        8.5
      ],
      "rotation": {
        "angle": -45,
        "axis": "z",
        "origin": [
          9.00711,
          10.44645,
          9
        ]
      },
      "faces": {
        "north": {
          "uv": [
            10,
            6,
            12,
            6.5
          ],
          "texture": "#0"
        },
        "east": {
          "uv": [
            10,
            6,
            10.5,
            6.5
          ],
          "texture": "#0"
        },
        "south": {
          "uv": [
            12,
            6,
            10,
            6.5
          ],
          "texture": "#0"
        },
        "west": {
          "uv": [
            11.5,
            6,
            12,
            6.5
          ],
          "texture": "#0"
        },
        "up": {
          "uv": [
            12,
            6,
            10,
            6.5
          ],
          "texture": "#0"
        },
        "down": {
          "uv": [
            10,
            6,
            12,
            6.5
          ],
          "texture": "#0"
        }
      }
    },
    {
      "from": [
        -4.99289,
        20.94645,
        7.5
      ],
      "to": [
        -1.99289,
        21.94645,
        8.5
      ],
      "rotation": {
        "angle": -45,
        "axis": "z",
        "origin": [
          9.00711,
          10.44645,
          9
        ]
      },
      "faces": {
        "north": {
          "uv": [
            10,
            5.5,
            11.5,
            6
          ],
          "texture": "#0"
        },
        "east": {
          "uv": [
            10,
            5.5,
            10.5,
            6
          ],
          "texture": "#0"
        },
        "south": {
          "uv": [
            11.5,
            5.5,
            10,
            6
          ],
          "texture": "#0"
        },
        "west": {
          "uv": [
            11,
            5.5,
            11.5,
            6
          ],
          "texture": "#0"
        },
        "up": {
          "uv": [
            11.5,
            5.5,
            10,
            6
          ],
          "texture": "#0"
        },
        "down": {
          "uv": [
            10,
            5.5,
            11.5,
            6
          ],
          "texture": "#0"
        }
      }
    },
    {
      "from": [
        4.5,
        7.44645,
        7.5
      ],
      "to": [
        6.5,
        9.44645,
        8.5
      ],
      "rotation": {
        "angle": 0,
        "axis": "y",
        "origin": [
          7.5,
          8.44645,
          8
        ]
      },
      "faces": {
        "north": {
          "uv": [
            4,
            9.5,
            5,
            10.5
          ],
          "texture": "#0"
        },
        "east": {
          "uv": [
            4,
            9.5,
            5.5,
            10.5
          ],
          "texture": "#0"
        },
        "south": {
          "uv": [
            5,
            9.5,
            4,
            10.5
          ],
          "texture": "#0"
        },
        "west": {
          "uv": [
            5,
            9.5,
            5.5,
            10.5
          ],
          "texture": "#0"
        },
        "up": {
          "uv": [
            5,
            9.5,
            4,
            10
          ],
          "texture": "#0"
        },
        "down": {
          "uv": [
            5,
            10,
            4,
            10.5
          ],
          "texture": "#0"
        }
      }
    },
    {
      "from": [
        9.5,
        7.44645,
        7.5
      ],
      "to": [
        11.5,
        9.44645,
        8.5
      ],
      "rotation": {
        "angle": 0,
        "axis": "y",
        "origin": [
          8.5,
          8.44645,
          8
        ]
      },
      "faces": {
        "north": {
          "uv": [
            5,
            9.5,
            4,
            10.5
          ],
          "texture": "#0"
        },
        "east": {
          "uv": [
            5.5,
            9.5,
            5,
            10.5
          ],
          "texture": "#0"
        },
        "south": {
          "uv": [
            4,
            9.5,
            5,
            10.5
          ],
          "texture": "#0"
        },
        "west": {
          "uv": [
            5.5,
            9.5,
            4,
            10.5
          ],
          "texture": "#0"
        },
        "up": {
          "uv": [
            4,
            9.5,
            5,
            10
          ],
          "texture": "#0"
        },
        "down": {
          "uv": [
            4,
            10,
            5,
            10.5
          ],
          "texture": "#0"
        }
      }
    }
  ],
  "display": {
    "thirdperson_righthand": {
      "rotation": [
        0,
        90,
        0
      ],
      "translation": [
        0,
        2,
        1.75
      ],
      "scale": [
        0.93359,
        0.93359,
        0.93359
      ]
    },
    "thirdperson_lefthand": {
      "rotation": [
        0,
        -90,
        0
      ],
      "translation": [
        0,
        2,
        1.75
      ],
      "scale": [
        0.93359,
        0.93359,
        0.93359
      ]
    },
    "firstperson_righthand": {
      "rotation": [
        173.91,
        83.25,
        -165
      ],
      "translation": [
        3,
        1.25,
        -0.5
      ],
      "scale": [
        0.56836,
        0.60742,
        0.60742
      ]
    },
    "firstperson_lefthand": {
      "rotation": [
        -172.01,
        -89.06,
        178.36
      ],
      "translation": [
        3.5,
        1.25,
        -0.75
      ],
      "scale": [
        0.56836,
        0.60742,
        0.60742
      ]
    },
    "ground": {
      "rotation": [
        -45,
        -25,
        0
      ],
      "translation": [
        0,
        3.25,
        0
      ],
      "scale": [
        0.45313,
        0.45313,
        0.45313
      ]
    },
    "gui": {
      "rotation": [
        141.59,
        13.11,
        -135.43
      ],
      "translation": [
        -2.25,
        -2,
        0
      ],
      "scale": [
        0.70117,
        0.6543,
        0.66992
      ]
    },
    "head": {
      "rotation": [
        0,
        0,
        -132.5
      ],
      "translation": [
        -14,
        15.5,
        0
      ]
    },
    "fixed": {
      "rotation": [
        0,
        0,
        44.5
      ],
      "translation": [
        2.5,
        -2.5,
        -0.25
      ],
      "scale": [
        0.81055,
        0.78516,
        0.78516
      ]
    }
  },
  "groups": [
    {
      "name": "group",
      "origin": [
        -1,
        0,
        0
      ],
      "color": 0,
      "children": [
        0,
        1,
        2,
        3,
        4,
        5,
        6,
        7,
        8,
        9,
        10,
        11,
        12,
        13,
        14,
        15,
        16,
        17,
        18
      ]
    }
  ]
}