{
  "credit": "Made with Blockbench",
  "parent": "staffmagicarrows",
  "texture_size": [
    32,
    32
  ],
  "elements": [
    {
      "from": [
        7,
        1,
        7
      ],
      "to": [
        9,
        22,
        9
      ],
      "faces": {
        "north": {
          "uv": [
            0,
            0,
            0.5,
            10.5
          ],
          "texture": "#0"
        },
        "east": {
          "uv": [
            0,
            0,
            0.5,
            10.5
          ],
          "texture": "#0"
        },
        "south": {
          "uv": [
            0,
            0,
            0.5,
            10.5
          ],
          "texture": "#0"
        },
        "west": {
          "uv": [
            0,
            0,
            0.5,
            10.5
          ],
          "texture": "#0"
        },
        "up": {
          "uv": [
            0.5,
            12,
            1.5,
            13
          ],
          "texture": "#0"
        },
        "down": {
          "uv": [
            0.5,
            12,
            1.5,
            13
          ],
          "texture": "#0"
        }
      }
    },
    {
      "from": [
        4,
        22,
        4
      ],
      "to": [
        12,
        28,
        12
      ],
      "rotation": {
        "angle": 0,
        "axis": "y",
        "origin": [
          8,
          21,
          8
        ]
      },
      "faces": {
        "north": {
          "uv": [
            11,
            10.5,
            15,
            13.5
          ],
          "texture": "#0"
        },
        "east": {
          "uv": [
            4,
            1.5,
            7.5,
            4.5
          ],
          "texture": "#0"
        },
        "south": {
          "uv": [
            2,
            11,
            6,
            14
          ],
          "texture": "#0"
        },
        "west": {
          "uv": [
            7.5,
            1.5,
            3.5,
            4.5
          ],
          "texture": "#0"
        },
        "up": {
          "uv": [
            1,
            4.5,
            4.5,
            8.5
          ],
          "rotation": 270,
          "texture": "#0"
        },
        "down": {
          "uv": [
            7.5,
            10.5,
            11,
            15
          ],
          "rotation": 90,
          "texture": "#0"
        }
      }
    },
    {
      "from": [
        6,
        21,
        4
      ],
      "to": [
        10,
        22,
        5
      ],
      "rotation": {
        "angle": 0,
        "axis": "y",
        "origin": [
          0.5,
          0,
          0.5
        ]
      },
      "faces": {
        "north": {
          "uv": [
            12,
            8,
            14,
            8.5
          ],
          "texture": "#0"
        },
        "east": {
          "uv": [
            12,
            8,
            12.5,
            8.5
          ],
          "texture": "#0"
        },
        "south": {
          "uv": [
            12,
            8,
            14,
            8.5
          ],
          "texture": "#0"
        },
        "west": {
          "uv": [
            12,
            8,
            12.5,
            8.5
          ],
          "texture": "#0"
        },
        "up": {
          "uv": [
            12,
            8,
            14,
            8.5
          ],
          "rotation": 270,
          "texture": "#0"
        },
        "down": {
          "uv": [
            12,
            8,
            14,
            8.5
          ],
          "rotation": 180,
          "texture": "#0"
        }
      }
    },
    {
      "from": [
        5.3,
        17.1,
        7.6
      ],
      "to": [
        5.3,
        22.1,
        8.6
      ],
      "rotation": {
        "angle": -22.5,
        "axis": "z",
        "origin": [
          6,
          18.5,
          8.5
        ]
      },
      "faces": {
        "north": {
          "uv": [
            6,
            7.5,
            6.5,
            10
          ],
          "texture": "#0"
        },
        "east": {
          "uv": [
            6,
            7.5,
            6.5,
            10
          ],
          "texture": "#0"
        },
        "south": {
          "uv": [
            6,
            7.5,
            6.5,
            10
          ],
          "texture": "#0"
        },
        "west": {
          "uv": [
            6,
            7.5,
            6.5,
            10
          ],
          "texture": "#0"
        },
        "up": {
          "uv": [
            6,
            7.5,
            6.5,
            10
          ],
          "texture": "#0"
        },
        "down": {
          "uv": [
            6,
            7.5,
            6.5,
            10
          ],
          "texture": "#0"
        }
      }
    }
  ],
  "display": {
    "thirdperson_righthand": {
      "rotation": [
        1.5,
        0,
        0
      ],
      "translation": [
        0,
        -1.5,
        1.75
      ],
      "scale": [
        0.68164,
        0.68164,
        0.68164
      ]
    },
    "thirdperson_lefthand": {
      "rotation": [
        1.5,
        0,
        0
      ],
      "translation": [
        0,
        -1.5,
        1.75
      ],
      "scale": [
        0.68164,
        0.68164,
        0.68164
      ]
    },
    "firstperson_righthand": {
      "rotation": [
        173.81,
        75.83,
        -166.27
      ],
      "translation": [
        8.75,
        -4.75,
        -6.25
      ],
      "scale": [
        0.64063,
        0.78321,
        0.78321
      ]
    },
    "firstperson_lefthand": {
      "rotation": [
        173.81,
        75.83,
        -166.27
      ],
      "translation": [
        9,
        -4.5,
        -6
      ],
      "scale": [
        0.64063,
        0.78321,
        0.78321
      ]
    },
    "ground": {
      "rotation": [
        45,
        35,
        0
      ],
      "translation": [
        0,
        1.75,
        -1.5
      ],
      "scale": [
        0.35156,
        0.35156,
        0.35156
      ]
    },
    "gui": {
      "rotation": [
        -45,
        150,
        45
      ],
      "translation": [
        -3,
        -3.5,
        0
      ],
      "scale": [
        0.53516,
        0.57031,
        0.53516
      ]
    },
    "head": {
      "rotation": [
        -2,
        0,
        0
      ],
      "translation": [
        0,
        -1,
        0
      ]
    },
    "fixed": {
      "rotation": [
        180,
        -180,
        -145
      ],
      "translation": [
        3,
        -3.75,
        -0.5
      ],
      "scale": [
        0.64453,
        0.64453,
        0.64453
      ]
    }
  },
  "groups": [
    {
      "name": "group",
      "origin": [
        0.5,
        0,
        0.5
      ],
      "color": 0,
      "children": [
        0,
        1,
        2,
        3
      ]
    }
  ]
}