{
  "variants": {
    "facing=north": {
      "model": "born_in_chaos_v1:block/gnawed_bones"
    },
    "facing=east": {
      "model": "born_in_chaos_v1:block/gnawed_bones",
      "y": 90
    },
    "facing=south": {
      "model": "born_in_chaos_v1:block/gnawed_bones",
      "y": 180
    },
    "facing=west": {
      "model": "born_in_chaos_v1:block/gnawed_bones",
      "y": 270
    },
    "facing=up": {
      "model": "born_in_chaos_v1:block/gnawed_bones",
      "x": 270
    },
    "facing=down": {
      "model": "born_in_chaos_v1:block/gnawed_bones",
      "x": 90
    }
  }
}