{
  "multipart": [
    {
      "apply": {
        "model": "born_in_chaos_v1:block/green_stained_glass_panel_post"
      }
    },
    {
      "when": {
        "north": true
      },
      "apply": {
        "model": "born_in_chaos_v1:block/green_stained_glass_panel_side"
      }
    },
    {
      "when": {
        "east": true
      },
      "apply": {
        "model": "born_in_chaos_v1:block/green_stained_glass_panel_side",
        "y": 90
      }
    },
    {
      "when": {
        "south": true
      },
      "apply": {
        "model": "born_in_chaos_v1:block/green_stained_glass_panel_side_alt"
      }
    },
    {
      "when": {
        "west": true
      },
      "apply": {
        "model": "born_in_chaos_v1:block/green_stained_glass_panel_side_alt",
        "y": 90
      }
    },
    {
      "when": {
        "north": false
      },
      "apply": {
        "model": "born_in_chaos_v1:block/green_stained_glass_panel_noside"
      }
    },
    {
      "when": {
        "east": false
      },
      "apply": {
        "model": "born_in_chaos_v1:block/green_stained_glass_panel_noside_alt"
      }
    },
    {
      "when": {
        "south": false
      },
      "apply": {
        "model": "born_in_chaos_v1:block/green_stained_glass_panel_noside_alt",
        "y": 90
      }
    },
    {
      "when": {
        "west": false
      },
      "apply": {
        "model": "born_in_chaos_v1:block/green_stained_glass_panel_noside",
        "y": 270
      }
    }
  ]
}